Classe Lca,Dimensão,Indicador,Categoria,Indicador Curto,Categoria Curta,Rotulo Figura,Lift Vs Global,Probabilidade Condicional,Pct Global,Categoria Substantiva,Usou Filtro Presenca Minima,Observacao Seleção
0,Demográfica,Faixa Etária,<15,Faixa etária,<15,Faixa etária = <15,7.575166837103477,0.0932297721975148,0.0123072896217772,Sim,Sim,"Categoria substantiva selecionada pelo filtro principal: Prob. Condicional >= 0,05 e Lift > 1."
0,Socioeconômica/Ocupacional,Ocupação Macro,Estudante,Ocupação,Estudante,Ocupação = Estudante,7.484997657875468,0.5132625798744183,0.0685721764166993,Sim,Sim,"Categoria substantiva selecionada pelo filtro principal: Prob. Condicional >= 0,05 e Lift > 1."
0,Territorial,Região Residência,Norte,Região,Norte,Região = Norte,2.0876905266123904,0.1602174747815084,0.0767438816908781,Sim,Sim,"Categoria substantiva selecionada pelo filtro principal: Prob. Condicional >= 0,05 e Lift > 1."
0,Circunstancial,Mecanismo Lesão Autoprovocada,"Precipitação, Veículo Ou Impacto",Meio,Precipitação/impacto,Meio = Precipitação/impacto,1.4002338519196624,0.061888100571955,0.0441984033503468,Sim,Sim,"Categoria substantiva selecionada pelo filtro principal: Prob. Condicional >= 0,05 e Lift > 1."
1,Demográfica,Sexo,Feminino,Sexo,Feminino,Sexo = Feminino,2.213245205970652,0.4770830930310354,0.2155581730140034,Sim,Sim,"Categoria substantiva selecionada pelo filtro principal: Prob. Condicional >= 0,05 e Lift > 1."
1,Socioeconômica/Ocupacional,Ocupação Macro,Construção E Manutenção,Ocupação,Construção/manut.,Ocupação = Construção/manut.,1.949677855963991,0.2547721954747972,0.1306739955503206,Sim,Sim,"Categoria substantiva selecionada pelo filtro principal: Prob. Condicional >= 0,05 e Lift > 1."
1,Territorial,Deslocamento Geográfico,Outro Município Mesma Uf,Deslocamento,Outro munic. UF,Deslocamento = Outro munic. UF,3.270043601858758,0.3632697043583023,0.1110901714435283,Sim,Sim,"Categoria substantiva selecionada pelo filtro principal: Prob. Condicional >= 0,05 e Lift > 1."
1,Circunstancial,Mecanismo Lesão Autoprovocada,"Fogo, Calor Ou Fumaça",Meio,Fogo/calor/fumaça,Meio = Fogo/calor/fumaça,8.206079946381442,0.1245356668737589,0.0151760240806177,Sim,Sim,"Categoria substantiva selecionada pelo filtro principal: Prob. Condicional >= 0,05 e Lift > 1."
2,Demográfica,Raça Cor,Parda,Raça/cor,Parda,Raça/cor = Parda,1.9516284454166224,0.831264477596535,0.4259337783012695,Sim,Sim,"Categoria substantiva selecionada pelo filtro principal: Prob. Condicional >= 0,05 e Lift > 1."
2,Socioeconômica/Ocupacional,Ocupação Macro,Agropecuária,Ocupação,Agropecuária,Ocupação = Agropecuária,2.133914652060606,0.3032331539337005,0.1421018191336212,Sim,Sim,"Categoria substantiva selecionada pelo filtro principal: Prob. Condicional >= 0,05 e Lift > 1."
2,Territorial,Região Residência,Nordeste,Região,Nordeste,Região = Nordeste,2.365095628288832,0.5578666604865236,0.2358748854861929,Sim,Sim,"Categoria substantiva selecionada pelo filtro principal: Prob. Condicional >= 0,05 e Lift > 1."
2,Circunstancial,Mecanismo Lesão Autoprovocada,"Enforcamento, Estrangulamento E Sufocação",Meio,Enforcamento,Meio = Enforcamento,1.2102166999033066,0.8330459577907902,0.6883444575317367,Sim,Sim,"Categoria substantiva selecionada pelo filtro principal: Prob. Condicional >= 0,05 e Lift > 1."
3,Demográfica,Raça Cor,Branca,Raça/cor,Branca,Raça/cor = Branca,1.5080201360338388,0.730804596534802,0.4846119617851067,Sim,Sim,"Categoria substantiva selecionada pelo filtro principal: Prob. Condicional >= 0,05 e Lift > 1."
3,Socioeconômica/Ocupacional,Ocupação Macro,Profissões Qualificadas E Serviço Público,Ocupação,Qualificadas/serv. público,Ocupação = Qualificadas/serv. público,6.273807578265269,0.5323170958174243,0.0848475330454129,Sim,Sim,"Categoria substantiva selecionada pelo filtro principal: Prob. Condicional >= 0,05 e Lift > 1."
3,Territorial,Região Residência,Centro-Oeste,Região,Centro-Oeste,Região = Centro-Oeste,1.3555330155650631,0.12528878902142,0.0924276927103782,Sim,Sim,"Categoria substantiva selecionada pelo filtro principal: Prob. Condicional >= 0,05 e Lift > 1."
3,Circunstancial,Mecanismo Lesão Autoprovocada,"Precipitação, Veículo Ou Impacto",Meio,Precipitação/impacto,Meio = Precipitação/impacto,2.9690610375630806,0.1312277573100122,0.0441984033503468,Sim,Sim,"Categoria substantiva selecionada pelo filtro principal: Prob. Condicional >= 0,05 e Lift > 1."
4,Demográfica,Faixa Etária,75+,Faixa etária,75+,Faixa etária = 75+,5.06228469173185,0.231562589380201,0.0457427038345766,Sim,Sim,"Categoria substantiva selecionada pelo filtro principal: Prob. Condicional >= 0,05 e Lift > 1."
4,Socioeconômica/Ocupacional,Estado Civil,Viúvo,Estado civil,Viúvo,Estado civil = Viúvo,4.74422342471747,0.1674417187773599,0.0352938097107708,Sim,Sim,"Categoria substantiva selecionada pelo filtro principal: Prob. Condicional >= 0,05 e Lift > 1."
4,Territorial,Região Residência,Sul,Região,Sul,Região = Sul,1.8001323007913146,0.4056552553443985,0.2253474676089517,Sim,Sim,"Categoria substantiva selecionada pelo filtro principal: Prob. Condicional >= 0,05 e Lift > 1."
4,Circunstancial,Mecanismo Lesão Autoprovocada,Arma De Fogo Ou Explosivos,Meio,Arma de fogo/explosivos,Meio = Arma de fogo/explosivos,1.2273737655556989,0.0968984361122653,0.0789477817039654,Sim,Sim,"Categoria substantiva selecionada pelo filtro principal: Prob. Condicional >= 0,05 e Lift > 1."
5,Demográfica,Raça Cor,Branca,Raça/cor,Branca,Raça/cor = Branca,1.480176515529592,0.7173112449790391,0.4846119617851067,Sim,Sim,"Categoria substantiva selecionada pelo filtro principal: Prob. Condicional >= 0,05 e Lift > 1."
5,Socioeconômica/Ocupacional,Ocupação Macro,Indústria E Produção,Ocupação,Indústria/produção,Ocupação = Indústria/produção,1.9790392764950968,0.1320084725093601,0.0667033110849365,Sim,Sim,"Categoria substantiva selecionada pelo filtro principal: Prob. Condicional >= 0,05 e Lift > 1."
5,Territorial,Região Residência,Sul,Região,Sul,Região = Sul,1.818332291779704,0.4097565772241378,0.2253474676089517,Sim,Sim,"Categoria substantiva selecionada pelo filtro principal: Prob. Condicional >= 0,05 e Lift > 1."
5,Circunstancial,Local Ocorrência Consolidado,Via Pública,Local,Via Pública,Local = Via Pública,1.2388915248854575,0.0641415373962422,0.0517733280984164,Sim,Sim,"Categoria substantiva selecionada pelo filtro principal: Prob. Condicional >= 0,05 e Lift > 1."
